{
  "name": "NevMechaSkellatcher",
  "displayedName": "Skel-e-latcher",
  "description": "Good thing you can attach these to my cards are well",
  "metaCategories": [ "ChoiceNode", "TraderOffer" ],
  "cardComplexity": "Simple",
  "temple": "Nature",
  "baseAttack": 1,
  "baseHealth": 1,
  "cost": 0,
  "bonesCost": 0,
  "energyCost": 3,
  "abilities": [ "LatchBrittle" ],
  "defaultEvolutionName": "Skel-e-Holder",
  "tail_tailLostPortrait": "Part3/portrait_brittlelatcher.png",
  "texture": "Part3/portrait_brittlelatcher.png",
  "decals": ["Decals/NevEnergyCost3.png"]
}