{
  "name": "NevMechaGiftBot",
  "displayedName": "Gift Bot",
  "description": "All I want for christmas is this thing",
  "metaCategories": [ "ChoiceNode", "TraderOffer" ],
  "cardComplexity": "Simple",
  "temple": "Nature",
  "baseAttack": 0,
  "baseHealth": 2,
  "cost": 0,
  "bonesCost": 0,
  "energyCost": 2,
  "abilities": [ "DrawRandomCardOnDeath" ],
  "defaultEvolutionName": "Big Gift",
  "tail_tailLostPortrait": "Part3/portrait_giftbot.png",
  "texture": "Part3/portrait_giftbot.png",
  "decals": ["Decals/NevEnergyCost2.png"]
}