{
  "name": "NevMechaGoodFish",
  "displayedName": "Good Fish",
  "description": "The Angler left you a gift it seems",
  "metaCategories": [ "ChoiceNode", "TraderOffer" ],
  "cardComplexity": "Simple",
  "temple": "Nature",
  "baseAttack": 2,
  "baseHealth": 2,
  "cost": 0,
  "bonesCost": 0,
  "energyCost": 6,
  "abilities": [ "Sentry", "Sharp","Sniper", "Reach" ],
  "defaultEvolutionName": "Really Good Fish",
  "tail_tailLostPortrait": "Part3/portrait_goodfish.png",
  "texture": "Part3/portrait_goodfish.png",
  "decals": ["Decals/NevEnergyCost6.png"]
}