{
  "name": "NevMechaBearBot",
  "displayedName": "GR1ZZ",
  "description": "A cruel hybrid of beast and mech",
  "metaCategories": [ "ChoiceNode", "TraderOffer" ],
  "cardComplexity": "Simple",
  "temple": "Nature",
  "baseAttack": 0,
  "baseHealth": 4,
  "cost": 0,
  "bonesCost": 0,
  "energyCost": 6,
  "abilities": [ "Evolve" ],
  "evolve_evolutionName": "NevMechaBearBot2",
  "evolve_turnsToEvolve": 1,
  "tail_tailLostPortrait": "Part3/portrait_beartransformer_botmode.png",
  "texture": "Part3/portrait_beartransformer_botmode.png",
  "decals": ["Decals/NevEnergyCost6.png"]
}