{
  "name": "NevMechaPorcBot",
  "displayedName": "QU177",
  "description": "A cruel hybrid of beast and mech",
  "metaCategories": [ "ChoiceNode", "TraderOffer" ],
  "cardComplexity": "Simple",
  "temple": "Nature",
  "baseAttack": 2,
  "baseHealth": 2,
  "cost": 0,
  "bonesCost": 0,
  "energyCost": 5,
  "abilities": [ "Evolve" ],
  "evolve_evolutionName": "NevMechaPorcBot2",
  "evolve_turnsToEvolve": 1,
  "tail_tailLostPortrait": "Part3/portrait_porcupinetransformer_botmode.png",
  "texture": "Part3/portrait_porcupinetransformer_botmode.png",
  "decals": ["Decals/NevEnergyCost5.png"]
}