{
  "name": "NevMechaExeskeleton",
  "displayedName": "Exeskeleton",
  "description": "Spooky",
  "metaCategories": [ "ChoiceNode", "TraderOffer" ],
  "cardComplexity": "Simple",
  "temple": "Nature",
  "baseAttack": 2,
  "baseHealth": 2,
  "cost": 0,
  "bonesCost": 0,
  "energyCost": 2,
  "abilities": [ "Brittle" ],
  "defaultEvolutionName": "Skeleno",
  "tail_tailLostPortrait": "Part3/portrait_roboskeleton.png",
  "texture": "Part3/portrait_roboskeleton.png",
  "decals": ["Decals/NevEnergyCost2.png"]
}