{
  "name": "NevMechaMoreFish",
  "displayedName": "More Fish",
  "description": "The Angler left you a gift it seems",
  "metaCategories": [ "ChoiceNode", "TraderOffer" ],
  "cardComplexity": "Simple",
  "temple": "Nature",
  "baseAttack": 0,
  "baseHealth": 1,
  "cost": 0,
  "bonesCost": 0,
  "energyCost": 3,
  "abilities": [ "DrawCopyOnDeath" ],
  "defaultEvolutionName": "Too Much Fish",
  "tail_tailLostPortrait": "Part3/portrait_morefish.png",
  "texture": "Part3/portrait_morefish.png",
  "decals": ["Decals/NevEnergyCost6.png"]
}