{
  "name": "NevMechaDoubleGunner",
  "displayedName": "Double Gunner",
  "description": "Strikes twice, but can't seem to aim straight",
  "metaCategories": [ "ChoiceNode", "TraderOffer" ],
  "cardComplexity": "Simple",
  "temple": "Nature",
  "baseAttack": 2,
  "baseHealth": 1,
  "cost": 0,
  "bonesCost": 0,
  "energyCost": 6,
  "abilities": [ "SplitStrike" ],
  "defaultEvolutionName": "Big Double Gunner",
  "tail_tailLostPortrait": "Part3/portrait_gunnerbot.png",
  "texture": "Part3/portrait_gunnerbot.png",
  "decals": ["Decals/NevEnergyCost6.png"]
}