{
  "name": "NevMechaShieldLatcher",
  "displayedName": "Shield Latcher",
  "description": "Guides others to a treasure it cannot posess",
  "metaCategories": [ "ChoiceNode", "TraderOffer" ],
  "cardComplexity": "Simple",
  "temple": "Nature",
  "baseAttack": 0,
  "baseHealth": 1,
  "cost": 0,
  "bonesCost": 0,
  "energyCost": 2,
  "abilities": [ "LatchDeathShield" ],
  "defaultEvolutionName": "Shield Bot?",
  "tail_tailLostPortrait": "Part3/portrait_shieldlatcher.png",
  "texture": "Part3/portrait_shieldlatcher.png",
  "decals": ["Decals/NevEnergyCost2.png"]
}