{
  "name": "NevMechaSentryDrone",
  "displayedName": "Sentry Drone",
  "description": "Always watching one tile ahead but never directly in front of itself",
  "metaCategories": [ "ChoiceNode", "TraderOffer" ],
  "cardComplexity": "Simple",
  "temple": "Nature",
  "baseAttack": 0,
  "baseHealth": 1,
  "cost": 0,
  "bonesCost": 0,
  "energyCost": 1,
  "abilities": [ "Sentry" ],
  "defaultEvolutionName": "Watch Drone",
  "tail_tailLostPortrait": "Part3/portrait_sentrybot.png",
  "texture": "Part3/portrait_sentrybot.png",
  "decals": ["Decals/NevEnergyCost1.png"]
}