{
  "name": "NevMechaMinecart",
  "displayedName": "49er",
  "description": "Fast and cheap distraction. For you or me?",
  "metaCategories": [ "ChoiceNode", "TraderOffer" ],
  "cardComplexity": "Simple",
  "temple": "Nature",
  "baseAttack": 1,
  "baseHealth": 1,
  "cost": 0,
  "bonesCost": 0,
  "energyCost": 2,
  "abilities": [ "Strafe" ],
  "defaultEvolutionName": "50er",
  "tail_tailLostPortrait": "Part3/portrait_minecart.png",
  "texture": "Part3/portrait_minecart.png",
  "decals": ["Decals/NevEnergyCost2.png"]
}