{
  "name": "NevMechaAmoebot",
  "displayedName": "Amoebot",
  "description": "Random is fun",
  "metaCategories": [ "ChoiceNode", "TraderOffer" ],
  "cardComplexity": "Simple",
  "temple": "Nature",
  "baseAttack": 1,
  "baseHealth": 1,
  "cost": 0,
  "bonesCost": 0,
  "energyCost": 2,
  "abilities": [ "RandomAbility" ],
  "defaultEvolutionName": "Amoebot bot",
  "tail_tailLostPortrait": "Part3/portrait_amoebot.png",
  "texture": "Part3/portrait_amoebot.png",
  "decals": ["Decals/NevEnergyCost2.png"]
}