{
  "name": "NevMechaInsectodrone",
  "displayedName": "Insectodrone",
  "description": "That's a really bad bee",
  "metaCategories": [ "ChoiceNode", "TraderOffer" ],
  "cardComplexity": "Simple",
  "temple": "Nature",
  "baseAttack": 1,
  "baseHealth": 1,
  "cost": 0,
  "bonesCost": 0,
  "energyCost": 3,
  "abilities": [ "Flying" ],
  "defaultEvolutionName": "B33",
  "tail_tailLostPortrait": "Part3/portrait_insectodrone.png",
  "texture": "Part3/portrait_insectodrone.png",
  "decals": ["Decals/NevEnergyCost3.png"]
}