{
  "name": "NevMechaExplodeBot",
  "displayedName": "Explode Bot",
  "description": "Might've overcharged that one",
  "metaCategories": [ "ChoiceNode", "TraderOffer" ],
  "cardComplexity": "Simple",
  "temple": "Nature",
  "baseAttack": 1,
  "baseHealth": 1,
  "cost": 0,
  "bonesCost": 0,
  "energyCost": 2,
  "abilities": [ "ExplodeOnDeath" ],
  "defaultEvolutionName": "Big Bad Bomb",
  "tail_tailLostPortrait": "Part3/portrait_bombbot.png",
  "texture": "Part3/portrait_bombbot.png",
  "decals": ["Decals/NevEnergyCost2.png"]
}