{
  "name": "NevMechaBusted3dPrinter",
  "displayedName": "Busted 3d Printer",
  "description": "Seems to be full of squirrels",
  "metaCategories": [ "ChoiceNode", "TraderOffer" ],
  "cardComplexity": "Simple",
  "temple": "Nature",
  "baseAttack": 0,
  "baseHealth": 3,
  "cost": 0,
  "bonesCost": 0,
  "energyCost": 3,
  "abilities": [ "DrawVesselOnHit" ],
  "defaultEvolutionName": "Working 3d Printer",
  "tail_tailLostPortrait": "Part3/portrait_bustedprinter.png",
  "texture": "Part3/portrait_bustedprinter.png",
  "decals": ["Decals/NevEnergyCost3.png"]
}