{
  "name": "NevMechaShutterbug",
  "displayedName": "Shutterbug",
  "description": "Hmm this one seems familiar, I can't recall why",
  "metaCategories": [ "Rare" ],
  "cardComplexity": "Simple",
  "temple": "Nature",
  "baseAttack": 1,
  "baseHealth": 1,
  "cost": 0,
  "bonesCost": 0,
  "energyCost": 5,
  "abilities": [ "Sentry", "Deathtouch" ],
  "defaultEvolutionName": "Shutterbug bug",
  "tail_tailLostPortrait": "Part3/portrait_shutterbug.png",
  "texture": "Part3/portrait_shutterbug.png",
  "decals": ["Decals/NevEnergyCost5.png"]
}