{
  "name": "NevMechaAlarmBot",
  "displayedName": "Alarm Bot",
  "description": "You'll never be late again!",
  "metaCategories": [ "ChoiceNode", "TraderOffer" ],
  "cardComplexity": "Simple",
  "temple": "Nature",
  "baseAttack": 2,
  "baseHealth": 1,
  "cost": 0,
  "bonesCost": 0,
  "energyCost": 3,
  "abilities": [ "BuffEnemy" ],
  "defaultEvolutionName": "Alarmed Bot",
  "tail_tailLostPortrait": "Part3/portrait_alarmbot.png",
  "texture": "Part3/portrait_alarmbot.png",
  "decals": ["Decals/NevEnergyCost3.png"]
}