{
  "name": "NevMechaSniperBot",
  "displayedName": "Sniper Bot",
  "description": "Bang... Headshot...is that what you kids say these days?",
  "metaCategories": [ "ChoiceNode", "TraderOffer" ],
  "cardComplexity": "Simple",
  "temple": "Nature",
  "baseAttack": 1,
  "baseHealth": 1,
  "cost": 0,
  "bonesCost": 0,
  "energyCost": 3,
  "abilities": [ "Sniper" ],
  "defaultEvolutionName": "Sniper Bot Bot",
  "tail_tailLostPortrait": "Part3/portrait_sniper.png",
  "texture": "Part3/portrait_sniper.png",
  "decals": ["Decals/NevEnergyCost3.png"]
}