{
  "name": "NevMechaEnergyBot",
  "displayedName": "Energy Bot",
  "description": "Good for gaining energy, kinda useless for anything else",
  "metaCategories": [ "ChoiceNode", "TraderOffer" ],
  "cardComplexity": "Simple",
  "temple": "Nature",
  "baseAttack": 0,
  "baseHealth": 1,
  "cost": 0,
  "bonesCost": 0,
  "energyCost": 2,
  "abilities": [ "GainBattery" ],
  "defaultEvolutionName": "Big Energy Bot",
  "tail_tailLostPortrait": "Part3/portrait_batterybott.png",
  "texture": "Part3/portrait_batterybott.png",
  "decals": ["Decals/NevEnergyCost2.png"]
}