{
  "name": "NevMechaOurobot",
  "displayedName": "Ourobot",
  "description": "Immortality and Immorality in one card",
  "metaCategories": [ "Rare" ],
  "cardComplexity": "Simple",
  "temple": "Nature",
  "baseAttack": 1,
  "baseHealth": 1,
  "cost": 0,
  "bonesCost": 0,
  "energyCost": 6,
  "specialAbilities": [ "Ouroboros" ],
  "abilities": [ "DrawCopyOnDeath" ],
  "defaultEvolutionName": "Ourobot",
  "tail_tailLostPortrait": "Part3/portrait_ourobot.png",
  "texture": "Part3/portrait_ourobot.png",
  "decals": ["Decals/NevEnergyCost6.png"]
}