{
  "name": "NevMechaGemboundRipper",
  "displayedName": "Gembound Ripper",
  "description": "Rip and tear",
  "metaCategories": [ "ChoiceNode", "TraderOffer" ],
  "cardComplexity": "Simple",
  "temple": "Nature",
  "baseAttack": 3,
  "baseHealth": 1,
  "cost": 0,
  "bonesCost": 0,
  "energyCost": 5,
  "abilities": [ "None" ],
  "defaultEvolutionName": "Doombound Ripper",
  "tail_tailLostPortrait": "Part3/portrait_gemripper.png",
  "texture": "Part3/portrait_gemripper.png",
  "decals": ["Decals/NevEnergyCost5.png"]
}