{
  "name": "NevMechaBombLatcher",
  "displayedName": "Bomb Latcher",
  "description": "A sigil that gives another card a sigil",
  "metaCategories": [ "ChoiceNode", "TraderOffer" ],
  "cardComplexity": "Simple",
  "temple": "Nature",
  "baseAttack": 0,
  "baseHealth": 1,
  "cost": 0,
  "bonesCost": 0,
  "energyCost": 1,
  "abilities": [ "LatchExplodeOnDeath" ],
  "defaultEvolutionName": "Bomb Beater",
  "tail_tailLostPortrait": "Part3/portrait_bomblatcher.png",
  "texture": "Part3/portrait_bomblatcher.png",
  "decals": ["Decals/NevEnergyCost1.png"]
}