{
  "name": "NevMechaShieldbot",
  "displayedName": "Shieldbot",
  "description": "Capable of absorbing one deathblow",
  "metaCategories": [ "ChoiceNode", "TraderOffer" ],
  "cardComplexity": "Simple",
  "temple": "Nature",
  "baseAttack": 1,
  "baseHealth": 1,
  "cost": 0,
  "bonesCost": 0,
  "energyCost": 3,
  "abilities": [ "DeathShield" ],
  "defaultEvolutionName": "Shieldbot Bot",
  "tail_tailLostPortrait": "Part3/portrait_shieldbot.png",
  "texture": "Part3/portrait_shieldbot.png",
  "decals": ["Decals/NevEnergyCost3.png"]
}