{
  "name": "NevMechaAutomaton",
  "displayedName": "Automaton",
  "description": "Ah, its leaking again",
  "metaCategories": [ "ChoiceNode", "TraderOffer" ],
  "cardComplexity": "Simple",
  "temple": "Nature",
  "baseAttack": 1,
  "baseHealth": 1,
  "cost": 0,
  "bonesCost": 0,
  "energyCost": 3,
  "abilities": [ "None" ],
  "defaultEvolutionName": "Automaton2 Elec Boogaloo",
  "tail_tailLostPortrait": "Part3/portrait_automaton.png",
  "texture": "Part3/portrait_automaton.png",
  "decals": ["Decals/NevEnergyCost3.png"]
}