{
  "name": "NevMechaBatBot",
  "displayedName": "S0N1A",
  "description": "A cruel hybrid of beast and mech",
  "metaCategories": [ "ChoiceNode", "TraderOffer" ],
  "cardComplexity": "Simple",
  "temple": "Nature",
  "baseAttack": 1,
  "baseHealth": 1,
  "cost": 0,
  "bonesCost": 0,
  "energyCost": 3,
  "abilities": [ "Evolve" ],
  "evolve_evolutionName": "NevMechaBatBot2",
  "evolve_turnsToEvolve": 1,
  "tail_tailLostPortrait": "Part3/portrait_battransformer_botmode.png",
  "texture": "Part3/portrait_battransformer_botmode.png",
  "decals": ["Decals/NevEnergyCost3.png"]
}