{
  "name": "NevMechaBadFish",
  "displayedName": "Bad Fishbot",
  "description": "Ahh it squirms",
  "metaCategories": [ "ChoiceNode", "TraderOffer" ],
  "cardComplexity": "Simple",
  "temple": "Nature",
  "baseAttack": 0,
  "baseHealth": 1,
  "cost": 0,
  "bonesCost": 0,
  "energyCost": 3,
  "abilities": [ "Brittle", "BuffEnemy" ],
  "defaultEvolutionName": "Still Bad",
  "tail_tailLostPortrait": "Part3/portrait_badfish.png",
  "texture": "Part3/portrait_badfish.png",
  "decals": ["Decals/NevEnergyCost3.png"]
}