{
  "name": "NevMechaL33pbot",
  "displayedName": "L33pbot",
  "description": "Reach for the sky",
  "metaCategories": [ "ChoiceNode", "TraderOffer" ],
  "cardComplexity": "Simple",
  "temple": "Nature",
  "baseAttack": 0,
  "baseHealth": 2,
  "cost": 0,
  "bonesCost": 0,
  "energyCost": 1,
  "abilities": [ "Reach" ],
  "defaultEvolutionName": "L34pbot",
  "tail_tailLostPortrait": "Part3/portrait_leapbot.png",
  "texture": "Part3/portrait_leapbot.png",
  "decals": ["Decals/NevEnergyCost1.png"]
}